TestID,Step,TestLinkID,DUT,CMD,ResponseVerification,Postaction,Verdict,Failed action,PreCondition,Comments
0,1,RDL-3000-0,ALL,get swver,swver        = ,,PASS,,,
1,1,RDL-3000-0,SC,load script 192.168.20.14 SC_SS_3_0_default,,,PASS,,,
2,1,RDL-3000-0,SC,save config,,,PASS,,,
3,1,RDL-3000-0,ALL,get swver,swver        = ,,PASS,,,
4,1,RDL-3000-215,SC,new link,link ID: ?,link_id1,PASS,NEXT,,
5,2,RDL-3000-215,SC,set idname $link_id1 TESTING,idname       = TESTING,,PASS,,,
6,3,RDL-3000-215,SC,set peermac $link_id1 00:09:02:01:02:03,peermac      = 00:09:02:01:02:03,,PASS,,,
7,4,RDL-3000-215,SC,set linkmode $link_id1 mimoab,linkmode     = mimoab,,PASS,NEXT,,
8,5,RDL-3000-215,SC,enable $link_id1,ID enabled,,PASS,,,
9,1,RDL-3000-216,SC,show links $link_id1,Down,,PASS,,,
10,1,RDL-3000-217,SC,del id $link_id1,,,PASS,NEXT,,
11,2,RDL-3000-217,SC,show links $link_id1,Invalid ID status,,PASS,,,
12,1,RDL-3000-218,SC,set chsize 5,,,PASS,NEXT,,
13,2,RDL-3000-218,SC,set chsize,chsize       = 5 MHz,,PASS,,,
14,3,RDL-3000-218,SC,save config,,,PASS,,,
15,4,RDL-3000-218,SC,new link,link ID: ?,link_id2_2,PASS,NEXT,,
16,5,RDL-3000-218,SC,set idname $link_id2_2 TEST_CS5,idname       = TEST_CS5,,PASS,,,
17,6,RDL-3000-218,SC,set peermac $link_id2_2 00:09:02:01:02:33,peermac      = 00:09:02:01:02:33,,PASS,,,
18,7,RDL-3000-218,SC,set adaptmod $link_id2_2 off,adaptmod     = off,,PASS,,,
19,8,RDL-3000-218,SC,set linkmode $link_id2_2 mimoab,linkmode     = mimoab,,PASS,,,
20,9,RDL-3000-218,SC,enable $link_id2_2,ID enabled,,PASS,NEXT,,
21,10,RDL-3000-218,SC,set dlrate $link_id2_2 4,(9 Mbps),,PASS,,chsize=5,
22,11,RDL-3000-218,SC,set ulrate $link_id2_2 3,(6 Mbps),,PASS,,chsize=5,
23,12,RDL-3000-218,SC,set ldlpir $link_id2_2 43207,ldlpir       = 43207,,PASS,,,
24,13,RDL-3000-218,SC,set lulpir $link_id2_2 41200,lulpir       = 41200,,PASS,,,
25,14,RDL-3000-218,SC,show links $link_id2_2,Down,,PASS,,,
26,1,RDL-3000-219,SC,set idname $link_id2_2 MODIFIED_CS5,idname       = MODIFIED_CS5,,PASS,,,
27,1,RDL-3000-220,SC,show links $link_id2_2,Down,,PASS,,,
28,1,RDL-3000-221,SC,set peermac $link_id2_2 00:09:02:01:02:33,peermac      = 00:09:02:01:02:33,,PASS,,,
29,1,RDL-3000-222,SC,set linkmode $link_id2_2 mimoab,linkmode     = mimoab,,PASS,,,
30,1,RDL-3000-222,SC,set dlrate $link_id2_2 23,(42 Mbps),,PASS,,chsize=5,
31,1,RDL-3000-223,SC,set dlrate $link_id2_2 22,(40 Mbps),,PASS,,chsize=5,
32,1,RDL-3000-224,SC,set dlrate $link_id2_2 21,(36 Mbps),,PASS,,chsize=5,
33,1,RDL-3000-225,SC,set dlrate $link_id2_2 20,(32 Mbps),,PASS,,chsize=5,
34,1,RDL-3000-226,SC,set dlrate $link_id2_2 19,(30 Mbps),,PASS,,chsize=5,
35,1,RDL-3000-227,SC,set dlrate $link_id2_2 18,(27 Mbps),,PASS,,chsize=5,
36,1,RDL-3000-228,SC,set dlrate $link_id2_2 17,(24 Mbps),,PASS,,chsize=5,
37,1,RDL-3000-229,SC,set dlrate $link_id2_2 16,(18 Mbps),,PASS,,chsize=5,
38,1,RDL-3000-230,SC,set dlrate $link_id2_2 15,(12 Mbps),,PASS,,chsize=5,
39,1,RDL-3000-224,SC,set dlrate $link_id2_2 14,(9 Mbps),,PASS,,chsize=5,
40,1,RDL-3000-225,SC,set dlrate $link_id2_2 13,(6 Mbps),,PASS,,chsize=5,
41,1,RDL-3000-226,SC,set dlrate $link_id2_2 12,(3 Mbps),,PASS,,chsize=5,
42,1,RDL-3000-227,SC,set dlrate $link_id2_2 11,(21 Mbps),,PASS,,chsize=5,
43,1,RDL-3000-228,SC,set dlrate $link_id2_2 10,(20 Mbps),,PASS,,chsize=5,
44,1,RDL-3000-229,SC,set dlrate $link_id2_2 9,(18 Mbps),,PASS,,chsize=5,
45,1,RDL-3000-230,SC,set dlrate $link_id2_2 8,(16 Mbps),,PASS,,chsize=5,
46,1,RDL-3000-231,SC,set dlrate $link_id2_2 7,(15 Mbps),,PASS,,chsize=5,
47,1,RDL-3000-232,SC,set dlrate $link_id2_2 6,(13.5 Mbps),,PASS,,chsize=5,
48,1,RDL-3000-233,SC,set dlrate $link_id2_2 5,(12 Mbps),,PASS,,chsize=5,
49,1,RDL-3000-234,SC,set dlrate $link_id2_2 4,(9 Mbps),,PASS,,chsize=5,
50,1,RDL-3000-235,SC,set dlrate $link_id2_2 3,(6 Mbps),,PASS,,chsize=5,
51,1,RDL-3000-236,SC,set dlrate $link_id2_2 2,(4.5 Mbps),,PASS,,chsize=5,
52,1,RDL-3000-237,SC,set dlrate $link_id2_2 1,(3 Mbps),,PASS,,chsize=5,
53,1,RDL-3000-238,SC,set dlrate $link_id2_2 0,(1.5 Mbps),,PASS,,chsize=5,
54,1,RDL-3000-232,SC,set ulrate $link_id2_2 23,(42 Mbps),,PASS,,chsize=5,
55,1,RDL-3000-233,SC,set ulrate $link_id2_2 22,(40 Mbps),,PASS,,chsize=5,
56,1,RDL-3000-234,SC,set ulrate $link_id2_2 21,(36 Mbps),,PASS,,chsize=5,
57,1,RDL-3000-235,SC,set ulrate $link_id2_2 20,(32 Mbps),,PASS,,chsize=5,
58,1,RDL-3000-236,SC,set ulrate $link_id2_2 19,(30 Mbps),,PASS,,chsize=5,
59,1,RDL-3000-237,SC,set ulrate $link_id2_2 18,(27 Mbps),,PASS,,chsize=5,
60,1,RDL-3000-238,SC,set ulrate $link_id2_2 17,(24 Mbps),,PASS,,chsize=5,
61,1,RDL-3000-239,SC,set ulrate $link_id2_2 16,(18 Mbps),,PASS,,chsize=5,
62,1,RDL-3000-240,SC,set ulrate $link_id2_2 15,(12 Mbps),,PASS,,chsize=5,
63,1,RDL-3000-241,SC,set ulrate $link_id2_2 14,(9 Mbps),,PASS,,chsize=5,
64,1,RDL-3000-242,SC,set ulrate $link_id2_2 13,(6 Mbps),,PASS,,chsize=5,
65,1,RDL-3000-243,SC,set ulrate $link_id2_2 12,(3 Mbps),,PASS,,chsize=5,
66,1,RDL-3000-244,SC,set ulrate $link_id2_2 11,(21 Mbps),,PASS,,chsize=5,
67,1,RDL-3000-245,SC,set ulrate $link_id2_2 10,(20 Mbps),,PASS,,chsize=5,
68,1,RDL-3000-246,SC,set ulrate $link_id2_2 9,(18 Mbps),,PASS,,chsize=5,
69,1,RDL-3000-247,SC,set ulrate $link_id2_2 8,(16 Mbps),,PASS,,chsize=5,
70,1,RDL-3000-248,SC,set ulrate $link_id2_2 7,(15 Mbps),,PASS,,chsize=5,
71,1,RDL-3000-249,SC,set ulrate $link_id2_2 6,(13.5 Mbps),,PASS,,chsize=5,
72,1,RDL-3000-250,SC,set ulrate $link_id2_2 5,(12 Mbps),,PASS,,chsize=5,
73,1,RDL-3000-251,SC,set ulrate $link_id2_2 4,(9 Mbps),,PASS,,chsize=5,
74,1,RDL-3000-252,SC,set ulrate $link_id2_2 3,(6 Mbps),,PASS,,chsize=5,
75,1,RDL-3000-253,SC,set ulrate $link_id2_2 2,(4.5 Mbps),,PASS,,chsize=5,
76,1,RDL-3000-254,SC,set ulrate $link_id2_2 1,(3 Mbps),,PASS,,chsize=5,
77,1,RDL-3000-255,SC,set ulrate $link_id2_2 0,(1.5 Mbps),,PASS,,chsize=5,
78,1,RDL-3000-257,SC,set linkmode $link_id2_2 mimoa,linkmode     = mimoa,,PASS,,,
79,1,RDL-3000-258,SC,set dlrate $link_id2_2 15,Error: Invalid value,,PASS,,chsize=5,
80,1,RDL-3000-259,SC,set dlrate $link_id2_2 14,Error: Invalid value,,PASS,,chsize=5,
81,1,RDL-3000-260,SC,set dlrate $link_id2_2 13,Error: Invalid value,,PASS,,chsize=5,
82,1,RDL-3000-261,SC,set dlrate $link_id2_2 12,Error: Invalid value,,PASS,,chsize=5,
83,1,RDL-3000-262,SC,set dlrate $link_id2_2 11,(21 Mbps),,PASS,,chsize=5,
84,1,RDL-3000-263,SC,set dlrate $link_id2_2 10,(20 Mbps),,PASS,,chsize=5,
85,1,RDL-3000-264,SC,set dlrate $link_id2_2 9,(18 Mbps),,PASS,,chsize=5,
86,1,RDL-3000-265,SC,set dlrate $link_id2_2 8,(16 Mbps),,PASS,,chsize=5,
87,1,RDL-3000-266,SC,set dlrate $link_id2_2 7,(15 Mbps),,PASS,,chsize=5,
88,1,RDL-3000-267,SC,set dlrate $link_id2_2 6,(13.5 Mbps),,PASS,,chsize=5,
89,1,RDL-3000-268,SC,set dlrate $link_id2_2 5,(12 Mbps),,PASS,,chsize=5,
90,1,RDL-3000-269,SC,set dlrate $link_id2_2 4,(9 Mbps),,PASS,,chsize=5,
91,1,RDL-3000-270,SC,set dlrate $link_id2_2 3,(6 Mbps),,PASS,,chsize=5,
92,1,RDL-3000-271,SC,set dlrate $link_id2_2 2,(4.5 Mbps),,PASS,,chsize=5,
93,1,RDL-3000-272,SC,set dlrate $link_id2_2 1,(3 Mbps),,PASS,,chsize=5,
94,1,RDL-3000-273,SC,set dlrate $link_id2_2 0,(1.5 Mbps),,PASS,,chsize=5,
95,1,RDL-3000-274,SC,set ulrate $link_id2_2 15,Error: Invalid value,,PASS,,chsize=5,
96,1,RDL-3000-275,SC,set ulrate $link_id2_2 14,Error: Invalid value,,PASS,,chsize=5,
97,1,RDL-3000-276,SC,set ulrate $link_id2_2 13,Error: Invalid value,,PASS,,chsize=5,
98,1,RDL-3000-277,SC,set ulrate $link_id2_2 12,Error: Invalid value,,PASS,,chsize=5,
99,1,RDL-3000-278,SC,set ulrate $link_id2_2 11,(21 Mbps),,PASS,,chsize=5,
100,1,RDL-3000-279,SC,set ulrate $link_id2_2 10,(20 Mbps),,PASS,,chsize=5,
101,1,RDL-3000-280,SC,set ulrate $link_id2_2 9,(18 Mbps),,PASS,,chsize=5,
102,1,RDL-3000-281,SC,set ulrate $link_id2_2 8,(16 Mbps),,PASS,,chsize=5,
103,1,RDL-3000-282,SC,set ulrate $link_id2_2 7,(15 Mbps),,PASS,,chsize=5,
104,1,RDL-3000-283,SC,set ulrate $link_id2_2 6,(13.5 Mbps),,PASS,,chsize=5,
105,1,RDL-3000-284,SC,set ulrate $link_id2_2 5,(12 Mbps),,PASS,,chsize=5,
106,1,RDL-3000-285,SC,set ulrate $link_id2_2 4,(9 Mbps),,PASS,,chsize=5,
107,1,RDL-3000-286,SC,set ulrate $link_id2_2 3,(6 Mbps),,PASS,,chsize=5,
108,1,RDL-3000-287,SC,set ulrate $link_id2_2 2,(4.5 Mbps),,PASS,,chsize=5,
109,1,RDL-3000-288,SC,set ulrate $link_id2_2 1,(3 Mbps),,PASS,,chsize=5,
110,1,RDL-3000-289,SC,set ulrate $link_id2_2 0,(1.5 Mbps),,PASS,,chsize=5,
111,1,RDL-3000-290,SC,set linkmode $link_id2_2 mimoab,linkmode     = mimoab,,PASS,,,
112,1,RDL-3000-291,SC,set adaptmod $link_id2_2 on,adaptmod     = on,,PASS,,,
113,1,RDL-3000-324,SC,set dlrate $link_id2_2 23,(42 Mbps),,PASS,,chsize=5,
114,1,RDL-3000-294,SC,set dlminrate $link_id2_2 23,(42 Mbps),,PASS,,chsize=5,
115,1,RDL-3000-295,SC,set dlminrate $link_id2_2 22,(40 Mbps),,PASS,,chsize=5,
116,1,RDL-3000-296,SC,set dlminrate $link_id2_2 21,(36 Mbps),,PASS,,chsize=5,
117,1,RDL-3000-297,SC,set dlminrate $link_id2_2 20,(32 Mbps),,PASS,,chsize=5,
118,1,RDL-3000-298,SC,set dlminrate $link_id2_2 19,(30 Mbps),,PASS,,chsize=5,
119,1,RDL-3000-299,SC,set dlminrate $link_id2_2 18,(27 Mbps),,PASS,,chsize=5,
120,1,RDL-3000-300,SC,set dlminrate $link_id2_2 17,(24 Mbps),,PASS,,chsize=5,
121,1,RDL-3000-301,SC,set dlminrate $link_id2_2 15,Error: Invalid value,,PASS,,chsize=5,
122,1,RDL-3000-302,SC,set dlminrate $link_id2_2 10,Error: Invalid value,,PASS,,chsize=5,
123,1,RDL-3000-303,SC,set dlminrate $link_id2_2 8,Error: Invalid value,,PASS,,chsize=5,
124,1,RDL-3000-301,SC,set dlminrate $link_id2_2 7,(15 Mbps),,PASS,,chsize=5,
125,1,RDL-3000-302,SC,set dlminrate $link_id2_2 6,(13.5 Mbps),,PASS,,chsize=5,
126,1,RDL-3000-303,SC,set dlminrate $link_id2_2 5,(12 Mbps),,PASS,,chsize=5,
127,1,RDL-3000-304,SC,set dlminrate $link_id2_2 4,(9 Mbps),,PASS,,chsize=5,
128,1,RDL-3000-305,SC,set dlminrate $link_id2_2 3,(6 Mbps),,PASS,,chsize=5,
129,1,RDL-3000-306,SC,set dlminrate $link_id2_2 2,(4.5 Mbps),,PASS,,chsize=5,
130,1,RDL-3000-307,SC,set dlminrate $link_id2_2 1,(3 Mbps),,PASS,,chsize=5,
131,1,RDL-3000-308,SC,set dlminrate $link_id2_2 0,(1.5 Mbps),,PASS,,chsize=5,
132,1,RDL-3000-339,SC,set ulrate $link_id2_2 23,(42 Mbps),,PASS,,chsize=5,
133,1,RDL-3000-303,SC,set ulminrate $link_id2_2 23,(42 Mbps),,PASS,,chsize=5,
134,1,RDL-3000-304,SC,set ulminrate $link_id2_2 22,(40 Mbps),,PASS,,chsize=5,
135,1,RDL-3000-305,SC,set ulminrate $link_id2_2 21,(36 Mbps),,PASS,,chsize=5,
136,1,RDL-3000-306,SC,set ulminrate $link_id2_2 20,(32 Mbps),,PASS,,chsize=5,
137,1,RDL-3000-307,SC,set ulminrate $link_id2_2 19,(30 Mbps),,PASS,,chsize=5,
138,1,RDL-3000-308,SC,set ulminrate $link_id2_2 18,(27 Mbps),,PASS,,chsize=5,
139,1,RDL-3000-309,SC,set ulminrate $link_id2_2 17,(24 Mbps),,PASS,,chsize=5,
140,1,RDL-3000-310,SC,set ulminrate $link_id2_2 14,Error: Invalid value,,PASS,,chsize=5,
141,1,RDL-3000-311,SC,set ulminrate $link_id2_2 10,Error: Invalid value,,PASS,,chsize=5,
142,1,RDL-3000-312,SC,set ulminrate $link_id2_2 8,Error: Invalid value,,PASS,,chsize=5,
143,1,RDL-3000-316,SC,set ulminrate $link_id2_2 7,(15 Mbps),,PASS,,chsize=5,
144,1,RDL-3000-317,SC,set ulminrate $link_id2_2 6,(13.5 Mbps),,PASS,,chsize=5,
145,1,RDL-3000-318,SC,set ulminrate $link_id2_2 5,(12 Mbps),,PASS,,chsize=5,
146,1,RDL-3000-319,SC,set ulminrate $link_id2_2 4,(9 Mbps),,PASS,,chsize=5,
147,1,RDL-3000-320,SC,set ulminrate $link_id2_2 3,(6 Mbps),,PASS,,chsize=5,
148,1,RDL-3000-321,SC,set ulminrate $link_id2_2 2,(4.5 Mbps),,PASS,,chsize=5,
149,1,RDL-3000-322,SC,set ulminrate $link_id2_2 1,(3 Mbps),,PASS,,chsize=5,
150,1,RDL-3000-323,SC,set ulminrate $link_id2_2 0,(1.5 Mbps),,PASS,,chsize=5,
151,1,RDL-3000-294,SC,set dlrate $link_id2_2 23,(42 Mbps),,PASS,,chsize=5,
152,1,RDL-3000-295,SC,set dlrate $link_id2_2 22,(40 Mbps),,PASS,,chsize=5,
153,1,RDL-3000-296,SC,set dlrate $link_id2_2 21,(36 Mbps),,PASS,,chsize=5,
154,1,RDL-3000-297,SC,set dlrate $link_id2_2 20,(32 Mbps),,PASS,,chsize=5,
155,1,RDL-3000-298,SC,set dlrate $link_id2_2 19,(30 Mbps),,PASS,,chsize=5,
156,1,RDL-3000-299,SC,set dlrate $link_id2_2 18,(27 Mbps),,PASS,,chsize=5,
157,1,RDL-3000-300,SC,set dlrate $link_id2_2 17,(24 Mbps),,PASS,,chsize=5,
158,1,RDL-3000-301,SC,set dlrate $link_id2_2 14,Error: Invalid value,,PASS,,chsize=5,
159,1,RDL-3000-302,SC,set dlrate $link_id2_2 10,Error: Invalid value,,PASS,,chsize=5,
160,1,RDL-3000-303,SC,set dlrate $link_id2_2 8,Error: Invalid value,,PASS,,chsize=5,
161,1,RDL-3000-301,SC,set dlrate $link_id2_2 7,(15 Mbps),,PASS,,chsize=5,
162,1,RDL-3000-302,SC,set dlrate $link_id2_2 6,(13.5 Mbps),,PASS,,chsize=5,
163,1,RDL-3000-303,SC,set dlrate $link_id2_2 5,(12 Mbps),,PASS,,chsize=5,
164,1,RDL-3000-304,SC,set dlrate $link_id2_2 4,(9 Mbps),,PASS,,chsize=5,
165,1,RDL-3000-305,SC,set dlrate $link_id2_2 3,(6 Mbps),,PASS,,chsize=5,
166,1,RDL-3000-306,SC,set dlrate $link_id2_2 2,(4.5 Mbps),,PASS,,chsize=5,
167,1,RDL-3000-307,SC,set dlrate $link_id2_2 1,(3 Mbps),,PASS,,chsize=5,
168,1,RDL-3000-308,SC,set dlrate $link_id2_2 0,(1.5 Mbps),,PASS,,chsize=5,
169,1,RDL-3000-303,SC,set ulrate $link_id2_2 23,(42 Mbps),,PASS,,chsize=5,
170,1,RDL-3000-304,SC,set ulrate $link_id2_2 22,(40 Mbps),,PASS,,chsize=5,
171,1,RDL-3000-305,SC,set ulrate $link_id2_2 21,(36 Mbps),,PASS,,chsize=5,
172,1,RDL-3000-306,SC,set ulrate $link_id2_2 20,(32 Mbps),,PASS,,chsize=5,
173,1,RDL-3000-307,SC,set ulrate $link_id2_2 19,(30 Mbps),,PASS,,chsize=5,
174,1,RDL-3000-308,SC,set ulrate $link_id2_2 18,(27 Mbps),,PASS,,chsize=5,
175,1,RDL-3000-309,SC,set ulrate $link_id2_2 17,(24 Mbps),,PASS,,chsize=5,
176,1,RDL-3000-310,SC,set ulrate $link_id2_2 14,Error: Invalid value,,PASS,,chsize=5,
177,1,RDL-3000-311,SC,set ulrate $link_id2_2 10,Error: Invalid value,,PASS,,chsize=5,
178,1,RDL-3000-312,SC,set ulrate $link_id2_2 8,Error: Invalid value,,PASS,,chsize=5,
179,1,RDL-3000-316,SC,set ulrate $link_id2_2 7,(15 Mbps),,PASS,,chsize=5,
180,1,RDL-3000-317,SC,set ulrate $link_id2_2 6,(13.5 Mbps),,PASS,,chsize=5,
181,1,RDL-3000-318,SC,set ulrate $link_id2_2 5,(12 Mbps),,PASS,,chsize=5,
182,1,RDL-3000-319,SC,set ulrate $link_id2_2 4,(9 Mbps),,PASS,,chsize=5,
183,1,RDL-3000-320,SC,set ulrate $link_id2_2 3,(6 Mbps),,PASS,,chsize=5,
184,1,RDL-3000-321,SC,set ulrate $link_id2_2 2,(4.5 Mbps),,PASS,,chsize=5,
185,1,RDL-3000-322,SC,set ulrate $link_id2_2 1,(3 Mbps),,PASS,,chsize=5,
186,1,RDL-3000-323,SC,set ulrate $link_id2_2 0,(1.5 Mbps),,PASS,,chsize=5,
187,1,RDL-3000-354,SC,set linkmode $link_id2_2 mimoa,linkmode     = mimoa,,PASS,,,
188,1,RDL-3000-356,SC,set dlrate $link_id2_2 11,(21 Mbps),,PASS,,chsize=5,
189,1,RDL-3000-357,SC,set dlminrate $link_id2_2 14,Error: Invalid value,,PASS,,chsize=5,
190,1,RDL-3000-358,SC,set dlminrate $link_id2_2 13,Error: Invalid value,,PASS,,chsize=5,
191,1,RDL-3000-359,SC,set dlminrate $link_id2_2 12,Error: Invalid value,,PASS,,chsize=5,
192,1,RDL-3000-360,SC,set dlminrate $link_id2_2 11,(21 Mbps),,PASS,,chsize=5,
193,1,RDL-3000-361,SC,set dlminrate $link_id2_2 10,(20 Mbps),,PASS,,chsize=5,
194,1,RDL-3000-362,SC,set dlminrate $link_id2_2 9,(18 Mbps),,PASS,,chsize=5,
195,1,RDL-3000-363,SC,set dlminrate $link_id2_2 8,(16 Mbps),,PASS,,chsize=5,
196,1,RDL-3000-364,SC,set dlminrate $link_id2_2 7,(15 Mbps),,PASS,,chsize=5,
197,1,RDL-3000-365,SC,set dlminrate $link_id2_2 6,(13.5 Mbps),,PASS,,chsize=5,
198,1,RDL-3000-366,SC,set dlminrate $link_id2_2 5,(12 Mbps),,PASS,,chsize=5,
199,1,RDL-3000-367,SC,set dlminrate $link_id2_2 4,(9 Mbps),,PASS,,chsize=5,
200,1,RDL-3000-368,SC,set dlminrate $link_id2_2 3,(6 Mbps),,PASS,,chsize=5,
201,1,RDL-3000-369,SC,set dlminrate $link_id2_2 2,(4.5 Mbps),,PASS,,chsize=5,
202,1,RDL-3000-370,SC,set dlminrate $link_id2_2 1,(3 Mbps),,PASS,,chsize=5,
203,1,RDL-3000-371,SC,set dlminrate $link_id2_2 0,(1.5 Mbps),,PASS,,chsize=5,
204,1,RDL-3000-356,SC,set ulrate $link_id2_2 11,(21 Mbps),,PASS,,chsize=5,
205,1,RDL-3000-357,SC,set ulminrate $link_id2_2 14,Error: Invalid value,,PASS,,chsize=5,
206,1,RDL-3000-358,SC,set ulminrate $link_id2_2 13,Error: Invalid value,,PASS,,chsize=5,
207,1,RDL-3000-359,SC,set ulminrate $link_id2_2 12,Error: Invalid value,,PASS,,chsize=5,
208,1,RDL-3000-360,SC,set ulminrate $link_id2_2 11,(21 Mbps),,PASS,,chsize=5,
209,1,RDL-3000-361,SC,set ulminrate $link_id2_2 10,(20 Mbps),,PASS,,chsize=5,
210,1,RDL-3000-362,SC,set ulminrate $link_id2_2 9,(18 Mbps),,PASS,,chsize=5,
211,1,RDL-3000-363,SC,set ulminrate $link_id2_2 8,(16 Mbps),,PASS,,chsize=5,
212,1,RDL-3000-364,SC,set ulminrate $link_id2_2 7,(15 Mbps),,PASS,,chsize=5,
213,1,RDL-3000-365,SC,set ulminrate $link_id2_2 6,(13.5 Mbps),,PASS,,chsize=5,
214,1,RDL-3000-366,SC,set ulminrate $link_id2_2 5,(12 Mbps),,PASS,,chsize=5,
215,1,RDL-3000-367,SC,set ulminrate $link_id2_2 4,(9 Mbps),,PASS,,chsize=5,
216,1,RDL-3000-368,SC,set ulminrate $link_id2_2 3,(6 Mbps),,PASS,,chsize=5,
217,1,RDL-3000-369,SC,set ulminrate $link_id2_2 2,(4.5 Mbps),,PASS,,chsize=5,
218,1,RDL-3000-370,SC,set ulminrate $link_id2_2 1,(3 Mbps),,PASS,,chsize=5,
219,1,RDL-3000-371,SC,set ulminrate $link_id2_2 0,(1.5 Mbps),,PASS,,chsize=5,
220,1,RDL-3000-387,SC,set dlrate $link_id2_2 14,Error: Invalid value,,PASS,,chsize=5,
221,1,RDL-3000-356,SC,set dlrate $link_id2_2 11,(21 Mbps),,PASS,,chsize=5,
222,1,RDL-3000-357,SC,set dlrate $link_id2_2 14,Error: Invalid value,,PASS,,chsize=5,
223,1,RDL-3000-358,SC,set dlrate $link_id2_2 13,Error: Invalid value,,PASS,,chsize=5,
224,1,RDL-3000-359,SC,set dlrate $link_id2_2 12,Error: Invalid value,,PASS,,chsize=5,
225,1,RDL-3000-360,SC,set dlrate $link_id2_2 11,(21 Mbps),,PASS,,chsize=5,
226,1,RDL-3000-361,SC,set dlrate $link_id2_2 10,(20 Mbps),,PASS,,chsize=5,
227,1,RDL-3000-362,SC,set dlrate $link_id2_2 9,(18 Mbps),,PASS,,chsize=5,
228,1,RDL-3000-363,SC,set dlrate $link_id2_2 8,(16 Mbps),,PASS,,chsize=5,
229,1,RDL-3000-364,SC,set dlrate $link_id2_2 7,(15 Mbps),,PASS,,chsize=5,
230,1,RDL-3000-365,SC,set dlrate $link_id2_2 6,(13.5 Mbps),,PASS,,chsize=5,
231,1,RDL-3000-366,SC,set dlrate $link_id2_2 5,(12 Mbps),,PASS,,chsize=5,
232,1,RDL-3000-367,SC,set dlrate $link_id2_2 4,(9 Mbps),,PASS,,chsize=5,
233,1,RDL-3000-368,SC,set dlrate $link_id2_2 3,(6 Mbps),,PASS,,chsize=5,
234,1,RDL-3000-369,SC,set dlrate $link_id2_2 2,(4.5 Mbps),,PASS,,chsize=5,
235,1,RDL-3000-370,SC,set dlrate $link_id2_2 1,(3 Mbps),,PASS,,chsize=5,
236,1,RDL-3000-371,SC,set dlrate $link_id2_2 0,(1.5 Mbps),,PASS,,chsize=5,
237,1,RDL-3000-356,SC,set ulrate $link_id2_2 11,(21 Mbps),,PASS,,chsize=5,
238,1,RDL-3000-357,SC,set ulminrate $link_id2_2 14,Error: Invalid value,,PASS,,chsize=5,
239,1,RDL-3000-358,SC,set ulminrate $link_id2_2 13,Error: Invalid value,,PASS,,chsize=5,
240,1,RDL-3000-359,SC,set ulminrate $link_id2_2 12,Error: Invalid value,,PASS,,chsize=5,
241,1,RDL-3000-360,SC,set ulminrate $link_id2_2 11,(21 Mbps),,PASS,,chsize=5,
242,1,RDL-3000-361,SC,set ulminrate $link_id2_2 10,(20 Mbps),,PASS,,chsize=5,
243,1,RDL-3000-362,SC,set ulminrate $link_id2_2 9,(18 Mbps),,PASS,,chsize=5,
244,1,RDL-3000-363,SC,set ulminrate $link_id2_2 8,(16 Mbps),,PASS,,chsize=5,
245,1,RDL-3000-364,SC,set ulminrate $link_id2_2 7,(15 Mbps),,PASS,,chsize=5,
246,1,RDL-3000-365,SC,set ulminrate $link_id2_2 6,(13.5 Mbps),,PASS,,chsize=5,
247,1,RDL-3000-366,SC,set ulminrate $link_id2_2 5,(12 Mbps),,PASS,,chsize=5,
248,1,RDL-3000-367,SC,set ulminrate $link_id2_2 4,(9 Mbps),,PASS,,chsize=5,
249,1,RDL-3000-368,SC,set ulminrate $link_id2_2 3,(6 Mbps),,PASS,,chsize=5,
250,1,RDL-3000-369,SC,set ulminrate $link_id2_2 2,(4.5 Mbps),,PASS,,chsize=5,
251,1,RDL-3000-370,SC,set ulminrate $link_id2_2 1,(3 Mbps),,PASS,,chsize=5,
252,1,RDL-3000-371,SC,set ulminrate $link_id2_2 0,(1.5 Mbps),,PASS,,chsize=5,
253,1,RDL-3000-417,SC,set adaptmod $link_id2_2 test,Syntax: adaptmod,,PASS,,,
254,1,RDL-3000-418,SC,set ldlpir $link_id2_2 50,ldlpir       = 50,,PASS,,,
255,1,RDL-3000-419,SC,set ldlpir $link_id2_2 50000,ldlpir       = 50000,,PASS,,,
256,1,RDL-3000-420,SC,set lulpir $link_id2_2 50,lulpir       = 50,,PASS,,,
257,1,RDL-3000-421,SC,set lulpir $link_id2_2 50000,lulpir       = 50000,,PASS,,,
258,1,RDL-3000-422,SC,set ldlpir $link_id2_2 49,Syntax: ldlpir,,PASS,,,
259,1,RDL-3000-423,SC,set lulpir $link_id2_2 49,Syntax: lulpir,,PASS,,,
260,1,RDL-3000-424,SC,set ldlpir $link_id2_2 100001,Syntax: ldlpir,,PASS,,,
261,1,RDL-3000-425,SC,set lulpir $link_id2_2 100001,Syntax: lulpir,,PASS,,,
262,2,RDL-3000-426,SC,set ldlpir $link_id2_2 100000,ldlpir       = 100000,,PASS,,,
263,3,RDL-3000-425,SC,set lulpir $link_id2_2 100000,lulpir       = 100000,,PASS,,,
264,1,RDL-3000-426,SC,set ldlpir $link_id2_2 41307,ldlpir       = 41307,,PASS,,,
265,1,RDL-3000-427,SC,set lulpir $link_id2_2 41307,lulpir       = 41307,,PASS,,,
266,1,RDL-3000-428,SC,set chsize 10,,,PASS,NEXT,,
267,2,RDL-3000-428,SC,set chsize,chsize       = 10 MHz,,PASS,,,
268,3,RDL-3000-428,SC,save config,,,PASS,,,
269,4,RDL-3000-428,SC,new link,link ID: ?,link_id3_2,PASS,NEXT,,
270,5,RDL-3000-428,SC,set idname $link_id3_2 TEST_CS10,idname       = TEST_CS10,,PASS,,,
271,6,RDL-3000-428,SC,set peermac $link_id3_2 00:09:02:01:02:04,peermac      = 00:09:02:01:02:04,,PASS,,,
272,7,RDL-3000-428,SC,set adaptmod $link_id3_2 off,adaptmod     = off,,PASS,,,
273,8,RDL-3000-428,SC,set linkmode $link_id3_2 mimoab,linkmode     = mimoab,,PASS,,,
274,9,RDL-3000-428,SC,enable $link_id3_2,ID enabled,,PASS,NEXT,,
275,10,RDL-3000-428,SC,set dlrate $link_id3_2 4,(18 Mbps),,PASS,,chsize=10,
276,11,RDL-3000-428,SC,set ulrate $link_id3_2 3,(12 Mbps),,PASS,,chsize=10,
277,12,RDL-3000-428,SC,set ldlpir $link_id3_2 33207,ldlpir       = 33207,,PASS,,,
278,13,RDL-3000-428,SC,set lulpir $link_id3_2 31200,lulpir       = 31200,,PASS,,,
279,14,RDL-3000-428,SC,show links $link_id3_2,Down,,PASS,,,
280,1,RDL-3000-429,SC,set idname $link_id3_2 MODIFIED_CS10,idname       = MODIFIED_CS10,,PASS,,,
281,1,RDL-3000-430,SC,show links $link_id3_2,Down,,PASS,,,
282,1,RDL-3000-431,SC,set peermac $link_id3_2 00:09:02:01:02:44,peermac      = 00:09:02:01:02:44,,PASS,,,
283,1,RDL-3000-222,SC,set dlrate $link_id3_2 23,(84 Mbps),,PASS,,chsize=10,
284,1,RDL-3000-223,SC,set dlrate $link_id3_2 22,(80 Mbps),,PASS,,chsize=10,
285,1,RDL-3000-224,SC,set dlrate $link_id3_2 21,(72 Mbps),,PASS,,chsize=10,
286,1,RDL-3000-225,SC,set dlrate $link_id3_2 20,(64 Mbps),,PASS,,chsize=10,
287,1,RDL-3000-226,SC,set dlrate $link_id3_2 19,(60 Mbps),,PASS,,chsize=10,
288,1,RDL-3000-227,SC,set dlrate $link_id3_2 18,(54 Mbps),,PASS,,chsize=10,
289,1,RDL-3000-228,SC,set dlrate $link_id3_2 17,(48 Mbps),,PASS,,chsize=10,
290,1,RDL-3000-229,SC,set dlrate $link_id3_2 16,(36 Mbps),,PASS,,chsize=10,
291,1,RDL-3000-230,SC,set dlrate $link_id3_2 15,(24 Mbps),,PASS,,chsize=10,
292,1,RDL-3000-224,SC,set dlrate $link_id3_2 14,(18 Mbps),,PASS,,chsize=10,
293,1,RDL-3000-225,SC,set dlrate $link_id3_2 13,(12 Mbps),,PASS,,chsize=10,
294,1,RDL-3000-226,SC,set dlrate $link_id3_2 12,(6 Mbps),,PASS,,chsize=10,
295,1,RDL-3000-227,SC,set dlrate $link_id3_2 11,(42 Mbps),,PASS,,chsize=10,
296,1,RDL-3000-228,SC,set dlrate $link_id3_2 10,(40 Mbps),,PASS,,chsize=10,
297,1,RDL-3000-229,SC,set dlrate $link_id3_2 9,(36 Mbps),,PASS,,chsize=10,
298,1,RDL-3000-230,SC,set dlrate $link_id3_2 8,(32 Mbps),,PASS,,chsize=10,
299,1,RDL-3000-231,SC,set dlrate $link_id3_2 7,(30 Mbps),,PASS,,chsize=10,
300,1,RDL-3000-232,SC,set dlrate $link_id3_2 6,(27 Mbps),,PASS,,chsize=10,
301,1,RDL-3000-233,SC,set dlrate $link_id3_2 5,(24 Mbps),,PASS,,chsize=10,
302,1,RDL-3000-234,SC,set dlrate $link_id3_2 4,(18 Mbps),,PASS,,chsize=10,
303,1,RDL-3000-235,SC,set dlrate $link_id3_2 3,(12 Mbps),,PASS,,chsize=10,
304,1,RDL-3000-236,SC,set dlrate $link_id3_2 2,(9 Mbps),,PASS,,chsize=10,
305,1,RDL-3000-237,SC,set dlrate $link_id3_2 1,(6 Mbps),,PASS,,chsize=10,
306,1,RDL-3000-238,SC,set dlrate $link_id3_2 0,(3 Mbps),,PASS,,chsize=10,
307,1,RDL-3000-232,SC,set ulrate $link_id3_2 23,(84 Mbps),,PASS,,chsize=10,
308,1,RDL-3000-233,SC,set ulrate $link_id3_2 22,(80 Mbps),,PASS,,chsize=10,
309,1,RDL-3000-234,SC,set ulrate $link_id3_2 21,(72 Mbps),,PASS,,chsize=10,
310,1,RDL-3000-235,SC,set ulrate $link_id3_2 20,(64 Mbps),,PASS,,chsize=10,
311,1,RDL-3000-236,SC,set ulrate $link_id3_2 19,(60 Mbps),,PASS,,chsize=10,
312,1,RDL-3000-237,SC,set ulrate $link_id3_2 18,(54 Mbps),,PASS,,chsize=10,
313,1,RDL-3000-238,SC,set ulrate $link_id3_2 17,(48 Mbps),,PASS,,chsize=10,
314,1,RDL-3000-239,SC,set ulrate $link_id3_2 16,(36 Mbps),,PASS,,chsize=10,
315,1,RDL-3000-240,SC,set ulrate $link_id3_2 15,(24 Mbps),,PASS,,chsize=10,
316,1,RDL-3000-241,SC,set ulrate $link_id3_2 14,(18 Mbps),,PASS,,chsize=10,
317,1,RDL-3000-242,SC,set ulrate $link_id3_2 13,(12 Mbps),,PASS,,chsize=10,
318,1,RDL-3000-243,SC,set ulrate $link_id3_2 12,(6 Mbps),,PASS,,chsize=10,
319,1,RDL-3000-244,SC,set ulrate $link_id3_2 11,(42 Mbps),,PASS,,chsize=10,
320,1,RDL-3000-245,SC,set ulrate $link_id3_2 10,(40 Mbps),,PASS,,chsize=10,
321,1,RDL-3000-246,SC,set ulrate $link_id3_2 9,(36 Mbps),,PASS,,chsize=10,
322,1,RDL-3000-247,SC,set ulrate $link_id3_2 8,(32 Mbps),,PASS,,chsize=10,
323,1,RDL-3000-248,SC,set ulrate $link_id3_2 7,(30 Mbps),,PASS,,chsize=10,
324,1,RDL-3000-249,SC,set ulrate $link_id3_2 6,(27 Mbps),,PASS,,chsize=10,
325,1,RDL-3000-250,SC,set ulrate $link_id3_2 5,(24 Mbps),,PASS,,chsize=10,
326,1,RDL-3000-251,SC,set ulrate $link_id3_2 4,(18 Mbps),,PASS,,chsize=10,
327,1,RDL-3000-252,SC,set ulrate $link_id3_2 3,(12 Mbps),,PASS,,chsize=10,
328,1,RDL-3000-253,SC,set ulrate $link_id3_2 2,(9 Mbps),,PASS,,chsize=10,
329,1,RDL-3000-254,SC,set ulrate $link_id3_2 1,(6 Mbps),,PASS,,chsize=10,
330,1,RDL-3000-255,SC,set ulrate $link_id3_2 0,(3 Mbps),,PASS,,chsize=10,
331,1,RDL-3000-257,SC,set linkmode $link_id3_2 mimoa,linkmode     = mimoa,,PASS,,chsize=10,
332,1,RDL-3000-258,SC,set dlrate $link_id3_2 15,Error: Invalid value,,PASS,,chsize=10,
333,1,RDL-3000-259,SC,set dlrate $link_id3_2 14,Error: Invalid value,,PASS,,chsize=10,
334,1,RDL-3000-260,SC,set dlrate $link_id3_2 13,Error: Invalid value,,PASS,,chsize=10,
335,1,RDL-3000-261,SC,set dlrate $link_id3_2 12,Error: Invalid value,,PASS,,chsize=10,
336,1,RDL-3000-262,SC,set dlrate $link_id3_2 11,(42 Mbps),,PASS,,chsize=10,
337,1,RDL-3000-263,SC,set dlrate $link_id3_2 10,(40 Mbps),,PASS,,chsize=10,
338,1,RDL-3000-264,SC,set dlrate $link_id3_2 9,(36 Mbps),,PASS,,chsize=10,
339,1,RDL-3000-265,SC,set dlrate $link_id3_2 8,(32 Mbps),,PASS,,chsize=10,
340,1,RDL-3000-266,SC,set dlrate $link_id3_2 7,(30 Mbps),,PASS,,chsize=10,
341,1,RDL-3000-267,SC,set dlrate $link_id3_2 6,(27 Mbps),,PASS,,chsize=10,
342,1,RDL-3000-268,SC,set dlrate $link_id3_2 5,(24 Mbps),,PASS,,chsize=10,
343,1,RDL-3000-269,SC,set dlrate $link_id3_2 4,(18 Mbps),,PASS,,chsize=10,
344,1,RDL-3000-270,SC,set dlrate $link_id3_2 3,(12 Mbps),,PASS,,chsize=10,
345,1,RDL-3000-271,SC,set dlrate $link_id3_2 2,(9 Mbps),,PASS,,chsize=10,
346,1,RDL-3000-272,SC,set dlrate $link_id3_2 1,(6 Mbps),,PASS,,chsize=10,
347,1,RDL-3000-273,SC,set dlrate $link_id3_2 0,(3 Mbps),,PASS,,chsize=10,
348,1,RDL-3000-274,SC,set ulrate $link_id3_2 15,Error: Invalid value,,PASS,,chsize=10,
349,1,RDL-3000-275,SC,set ulrate $link_id3_2 14,Error: Invalid value,,PASS,,chsize=10,
350,1,RDL-3000-276,SC,set ulrate $link_id3_2 13,Error: Invalid value,,PASS,,chsize=10,
351,1,RDL-3000-277,SC,set ulrate $link_id3_2 12,Error: Invalid value,,PASS,,chsize=10,
352,1,RDL-3000-278,SC,set ulrate $link_id3_2 11,(42 Mbps),,PASS,,chsize=10,
353,1,RDL-3000-279,SC,set ulrate $link_id3_2 10,(40 Mbps),,PASS,,chsize=10,
354,1,RDL-3000-280,SC,set ulrate $link_id3_2 9,(36 Mbps),,PASS,,chsize=10,
355,1,RDL-3000-281,SC,set ulrate $link_id3_2 8,(32 Mbps),,PASS,,chsize=10,
356,1,RDL-3000-282,SC,set ulrate $link_id3_2 7,(30 Mbps),,PASS,,chsize=10,
357,1,RDL-3000-283,SC,set ulrate $link_id3_2 6,(27 Mbps),,PASS,,chsize=10,
358,1,RDL-3000-284,SC,set ulrate $link_id3_2 5,(24 Mbps),,PASS,,chsize=10,
359,1,RDL-3000-285,SC,set ulrate $link_id3_2 4,(18 Mbps),,PASS,,chsize=10,
360,1,RDL-3000-286,SC,set ulrate $link_id3_2 3,(12 Mbps),,PASS,,chsize=10,
361,1,RDL-3000-287,SC,set ulrate $link_id3_2 2,(9 Mbps),,PASS,,chsize=10,
362,1,RDL-3000-288,SC,set ulrate $link_id3_2 1,(6 Mbps),,PASS,,chsize=10,
363,1,RDL-3000-289,SC,set ulrate $link_id3_2 0,(3 Mbps),,PASS,,chsize=10,
364,1,RDL-3000-290,SC,set linkmode $link_id3_2 mimoab,linkmode     = mimoab,,PASS,,chsize=10,
365,1,RDL-3000-291,SC,set adaptmod $link_id3_2 on,adaptmod     = on,,PASS,,chsize=10,
366,1,RDL-3000-324,SC,set dlrate $link_id3_2 23,(84 Mbps),,PASS,,chsize=10,
367,1,RDL-3000-294,SC,set dlminrate $link_id3_2 23,(84 Mbps),,PASS,,chsize=10,
368,1,RDL-3000-295,SC,set dlminrate $link_id3_2 22,(80 Mbps),,PASS,,chsize=10,
369,1,RDL-3000-296,SC,set dlminrate $link_id3_2 21,(72 Mbps),,PASS,,chsize=10,
370,1,RDL-3000-297,SC,set dlminrate $link_id3_2 20,(64 Mbps),,PASS,,chsize=10,
371,1,RDL-3000-298,SC,set dlminrate $link_id3_2 19,(60 Mbps),,PASS,,chsize=10,
372,1,RDL-3000-299,SC,set dlminrate $link_id3_2 18,(54 Mbps),,PASS,,chsize=10,
373,1,RDL-3000-300,SC,set dlminrate $link_id3_2 17,(48 Mbps),,PASS,,chsize=10,
374,1,RDL-3000-301,SC,set dlminrate $link_id3_2 15,(24 Mbps),,PASS,,chsize=10,
375,1,RDL-3000-302,SC,set dlminrate $link_id3_2 10,Error: Invalid value,,PASS,,chsize=10,
376,1,RDL-3000-303,SC,set dlminrate $link_id3_2 8,Error: Invalid value,,PASS,,chsize=10,
377,1,RDL-3000-301,SC,set dlminrate $link_id3_2 7,(30 Mbps),,PASS,,chsize=10,
378,1,RDL-3000-302,SC,set dlminrate $link_id3_2 6,(27 Mbps),,PASS,,chsize=10,
379,1,RDL-3000-303,SC,set dlminrate $link_id3_2 5,(24 Mbps),,PASS,,chsize=10,
380,1,RDL-3000-304,SC,set dlminrate $link_id3_2 4,(18 Mbps),,PASS,,chsize=10,
381,1,RDL-3000-305,SC,set dlminrate $link_id3_2 3,(12 Mbps),,PASS,,chsize=10,
382,1,RDL-3000-306,SC,set dlminrate $link_id3_2 2,(9 Mbps),,PASS,,chsize=10,
383,1,RDL-3000-307,SC,set dlminrate $link_id3_2 1,(6 Mbps),,PASS,,chsize=10,
384,1,RDL-3000-308,SC,set dlminrate $link_id3_2 0,(3 Mbps),,PASS,,chsize=10,
385,1,RDL-3000-339,SC,set ulrate $link_id3_2 23,(84 Mbps),,PASS,,chsize=10,
386,1,RDL-3000-303,SC,set ulminrate $link_id3_2 23,(84 Mbps),,PASS,,chsize=10,
387,1,RDL-3000-304,SC,set ulminrate $link_id3_2 22,(80 Mbps),,PASS,,chsize=10,
388,1,RDL-3000-305,SC,set ulminrate $link_id3_2 21,(72 Mbps),,PASS,,chsize=10,
389,1,RDL-3000-306,SC,set ulminrate $link_id3_2 20,(64 Mbps),,PASS,,chsize=10,
390,1,RDL-3000-307,SC,set ulminrate $link_id3_2 19,(60 Mbps),,PASS,,chsize=10,
391,1,RDL-3000-308,SC,set ulminrate $link_id3_2 18,(54 Mbps),,PASS,,chsize=10,
392,1,RDL-3000-309,SC,set ulminrate $link_id3_2 17,(48 Mbps),,PASS,,chsize=10,
393,1,RDL-3000-310,SC,set ulminrate $link_id3_2 14,Error: Invalid value,,PASS,,chsize=10,
394,1,RDL-3000-311,SC,set ulminrate $link_id3_2 10,Error: Invalid value,,PASS,,chsize=10,
395,1,RDL-3000-312,SC,set ulminrate $link_id3_2 8,Error: Invalid value,,PASS,,chsize=10,
396,1,RDL-3000-316,SC,set ulminrate $link_id3_2 7,(30 Mbps),,PASS,,chsize=10,
397,1,RDL-3000-317,SC,set ulminrate $link_id3_2 6,(27 Mbps),,PASS,,chsize=10,
398,1,RDL-3000-318,SC,set ulminrate $link_id3_2 5,(24 Mbps),,PASS,,chsize=10,
399,1,RDL-3000-319,SC,set ulminrate $link_id3_2 4,(18 Mbps),,PASS,,chsize=10,
400,1,RDL-3000-320,SC,set ulminrate $link_id3_2 3,(12 Mbps),,PASS,,chsize=10,
401,1,RDL-3000-321,SC,set ulminrate $link_id3_2 2,(9 Mbps),,PASS,,chsize=10,
402,1,RDL-3000-322,SC,set ulminrate $link_id3_2 1,(6 Mbps),,PASS,,chsize=10,
403,1,RDL-3000-323,SC,set ulminrate $link_id3_2 0,(3 Mbps),,PASS,,chsize=10,
404,1,RDL-3000-294,SC,set dlrate $link_id3_2 23,(84 Mbps),,PASS,,chsize=10,
405,1,RDL-3000-295,SC,set dlrate $link_id3_2 22,(80 Mbps),,PASS,,chsize=10,
406,1,RDL-3000-296,SC,set dlrate $link_id3_2 21,(72 Mbps),,PASS,,chsize=10,
407,1,RDL-3000-297,SC,set dlrate $link_id3_2 20,(64 Mbps),,PASS,,chsize=10,
408,1,RDL-3000-298,SC,set dlrate $link_id3_2 19,(60 Mbps),,PASS,,chsize=10,
409,1,RDL-3000-299,SC,set dlrate $link_id3_2 18,(54 Mbps),,PASS,,chsize=10,
410,1,RDL-3000-300,SC,set dlrate $link_id3_2 17,(48 Mbps),,PASS,,chsize=10,
411,1,RDL-3000-301,SC,set dlrate $link_id3_2 14,Error: Invalid value,,PASS,,chsize=10,
412,1,RDL-3000-302,SC,set dlrate $link_id3_2 10,Error: Invalid value,,PASS,,chsize=10,
413,1,RDL-3000-303,SC,set dlrate $link_id3_2 8,Error: Invalid value,,PASS,,chsize=10,
414,1,RDL-3000-301,SC,set dlrate $link_id3_2 7,(30 Mbps),,PASS,,chsize=10,
415,1,RDL-3000-302,SC,set dlrate $link_id3_2 6,(27 Mbps),,PASS,,chsize=10,
416,1,RDL-3000-303,SC,set dlrate $link_id3_2 5,(24 Mbps),,PASS,,chsize=10,
417,1,RDL-3000-304,SC,set dlrate $link_id3_2 4,(18 Mbps),,PASS,,chsize=10,
418,1,RDL-3000-305,SC,set dlrate $link_id3_2 3,(12 Mbps),,PASS,,chsize=10,
419,1,RDL-3000-306,SC,set dlrate $link_id3_2 2,(9 Mbps),,PASS,,chsize=10,
420,1,RDL-3000-307,SC,set dlrate $link_id3_2 1,(6 Mbps),,PASS,,chsize=10,
421,1,RDL-3000-308,SC,set dlrate $link_id3_2 0,(3 Mbps),,PASS,,chsize=10,
422,1,RDL-3000-303,SC,set ulrate $link_id3_2 23,(84 Mbps),,PASS,,chsize=10,
423,1,RDL-3000-304,SC,set ulrate $link_id3_2 22,(80 Mbps),,PASS,,chsize=10,
424,1,RDL-3000-305,SC,set ulrate $link_id3_2 21,(72 Mbps),,PASS,,chsize=10,
425,1,RDL-3000-306,SC,set ulrate $link_id3_2 20,(64 Mbps),,PASS,,chsize=10,
426,1,RDL-3000-307,SC,set ulrate $link_id3_2 19,(60 Mbps),,PASS,,chsize=10,
427,1,RDL-3000-308,SC,set ulrate $link_id3_2 18,(54 Mbps),,PASS,,chsize=10,
428,1,RDL-3000-309,SC,set ulrate $link_id3_2 17,(48 Mbps),,PASS,,chsize=10,
429,1,RDL-3000-310,SC,set ulrate $link_id3_2 14,(24 Mbps),,PASS,,chsize=10,
430,1,RDL-3000-311,SC,set ulrate $link_id3_2 10,Error: Invalid value,,PASS,,chsize=10,
431,1,RDL-3000-312,SC,set ulrate $link_id3_2 8,Error: Invalid value,,PASS,,chsize=10,
432,1,RDL-3000-316,SC,set ulrate $link_id3_2 7,(30 Mbps),,PASS,,chsize=10,
433,1,RDL-3000-317,SC,set ulrate $link_id3_2 6,(27 Mbps),,PASS,,chsize=10,
434,1,RDL-3000-318,SC,set ulrate $link_id3_2 5,(24 Mbps),,PASS,,chsize=10,
435,1,RDL-3000-319,SC,set ulrate $link_id3_2 4,(18 Mbps),,PASS,,chsize=10,
436,1,RDL-3000-320,SC,set ulrate $link_id3_2 3,(12 Mbps),,PASS,,chsize=10,
437,1,RDL-3000-321,SC,set ulrate $link_id3_2 2,(9 Mbps),,PASS,,chsize=10,
438,1,RDL-3000-322,SC,set ulrate $link_id3_2 1,(6 Mbps),,PASS,,chsize=10,
439,1,RDL-3000-323,SC,set ulrate $link_id3_2 0,(3 Mbps),,PASS,,chsize=10,
440,1,RDL-3000-354,SC,set linkmode $link_id3_2 mimoa,linkmode     = mimoa,,PASS,,chsize=10,
441,1,RDL-3000-356,SC,set dlrate $link_id3_2 11,(42 Mbps),,PASS,,chsize=10,
442,1,RDL-3000-357,SC,set dlminrate $link_id3_2 14,Error: Invalid value,,PASS,,chsize=10,
443,1,RDL-3000-358,SC,set dlminrate $link_id3_2 13,Error: Invalid value,,PASS,,chsize=10,
444,1,RDL-3000-359,SC,set dlminrate $link_id3_2 12,Error: Invalid value,,PASS,,chsize=10,
445,1,RDL-3000-360,SC,set dlminrate $link_id3_2 11,(42 Mbps),,PASS,,chsize=10,
446,1,RDL-3000-361,SC,set dlminrate $link_id3_2 10,(40 Mbps),,PASS,,chsize=10,
447,1,RDL-3000-362,SC,set dlminrate $link_id3_2 9,(36 Mbps),,PASS,,chsize=10,
448,1,RDL-3000-363,SC,set dlminrate $link_id3_2 8,(32 Mbps),,PASS,,chsize=10,
449,1,RDL-3000-364,SC,set dlminrate $link_id3_2 7,(30 Mbps),,PASS,,chsize=10,
450,1,RDL-3000-365,SC,set dlminrate $link_id3_2 6,(27 Mbps),,PASS,,chsize=10,
451,1,RDL-3000-366,SC,set dlminrate $link_id3_2 5,(24 Mbps),,PASS,,chsize=10,
452,1,RDL-3000-367,SC,set dlminrate $link_id3_2 4,(18 Mbps),,PASS,,chsize=10,
453,1,RDL-3000-368,SC,set dlminrate $link_id3_2 3,(12 Mbps),,PASS,,chsize=10,
454,1,RDL-3000-369,SC,set dlminrate $link_id3_2 2,(9 Mbps),,PASS,,chsize=10,
455,1,RDL-3000-370,SC,set dlminrate $link_id3_2 1,(6 Mbps),,PASS,,chsize=10,
456,1,RDL-3000-371,SC,set dlminrate $link_id3_2 0,(3 Mbps),,PASS,,chsize=10,
457,1,RDL-3000-356,SC,set ulrate $link_id3_2 11,(42 Mbps),,PASS,,chsize=10,
458,1,RDL-3000-357,SC,set ulminrate $link_id3_2 14,Error: Invalid value,,PASS,,chsize=10,
459,1,RDL-3000-358,SC,set ulminrate $link_id3_2 13,Error: Invalid value,,PASS,,chsize=10,
460,1,RDL-3000-359,SC,set ulminrate $link_id3_2 12,Error: Invalid value,,PASS,,chsize=10,
461,1,RDL-3000-360,SC,set ulminrate $link_id3_2 11,(42 Mbps),,PASS,,chsize=10,
462,1,RDL-3000-361,SC,set ulminrate $link_id3_2 10,(40 Mbps),,PASS,,chsize=10,
463,1,RDL-3000-362,SC,set ulminrate $link_id3_2 9,(36 Mbps),,PASS,,chsize=10,
464,1,RDL-3000-363,SC,set ulminrate $link_id3_2 8,(32 Mbps),,PASS,,chsize=10,
465,1,RDL-3000-364,SC,set ulminrate $link_id3_2 7,(30 Mbps),,PASS,,chsize=10,
466,1,RDL-3000-365,SC,set ulminrate $link_id3_2 6,(27 Mbps),,PASS,,chsize=10,
467,1,RDL-3000-366,SC,set ulminrate $link_id3_2 5,(24 Mbps),,PASS,,chsize=10,
468,1,RDL-3000-367,SC,set ulminrate $link_id3_2 4,(18 Mbps),,PASS,,chsize=10,
469,1,RDL-3000-368,SC,set ulminrate $link_id3_2 3,(12 Mbps),,PASS,,chsize=10,
470,1,RDL-3000-369,SC,set ulminrate $link_id3_2 2,(9 Mbps),,PASS,,chsize=10,
471,1,RDL-3000-370,SC,set ulminrate $link_id3_2 1,(6 Mbps),,PASS,,chsize=10,
472,1,RDL-3000-371,SC,set ulminrate $link_id3_2 0,(3 Mbps),,PASS,,chsize=10,
473,1,RDL-3000-387,SC,set dlrate $link_id3_2 14,Error: Invalid value,,PASS,,chsize=10,
474,1,RDL-3000-357,SC,set dlrate $link_id3_2 14,Error: Invalid value,,PASS,,chsize=10,
475,1,RDL-3000-358,SC,set dlrate $link_id3_2 13,Error: Invalid value,,PASS,,chsize=10,
476,1,RDL-3000-359,SC,set dlrate $link_id3_2 12,Error: Invalid value,,PASS,,chsize=10,
477,1,RDL-3000-360,SC,set dlrate $link_id3_2 11,(42 Mbps),,PASS,,chsize=10,
478,1,RDL-3000-361,SC,set dlrate $link_id3_2 10,(40 Mbps),,PASS,,chsize=10,
479,1,RDL-3000-362,SC,set dlrate $link_id3_2 9,(36 Mbps),,PASS,,chsize=10,
480,1,RDL-3000-363,SC,set dlrate $link_id3_2 8,(32 Mbps),,PASS,,chsize=10,
481,1,RDL-3000-364,SC,set dlrate $link_id3_2 7,(30 Mbps),,PASS,,chsize=10,
482,1,RDL-3000-365,SC,set dlrate $link_id3_2 6,(27 Mbps),,PASS,,chsize=10,
483,1,RDL-3000-366,SC,set dlrate $link_id3_2 5,(24 Mbps),,PASS,,chsize=10,
484,1,RDL-3000-367,SC,set dlrate $link_id3_2 4,(18 Mbps),,PASS,,chsize=10,
485,1,RDL-3000-368,SC,set dlrate $link_id3_2 3,(12 Mbps),,PASS,,chsize=10,
486,1,RDL-3000-369,SC,set dlrate $link_id3_2 2,(9 Mbps),,PASS,,chsize=10,
487,1,RDL-3000-370,SC,set dlrate $link_id3_2 1,(6 Mbps),,PASS,,chsize=10,
488,1,RDL-3000-371,SC,set dlrate $link_id3_2 0,(3 Mbps),,PASS,,chsize=10,
489,1,RDL-3000-357,SC,set ulminrate $link_id3_2 14,Error: Invalid value,,PASS,,chsize=10,
490,1,RDL-3000-358,SC,set ulminrate $link_id3_2 13,Error: Invalid value,,PASS,,chsize=10,
491,1,RDL-3000-359,SC,set ulminrate $link_id3_2 12,Error: Invalid value,,PASS,,chsize=10,
492,1,RDL-3000-360,SC,set ulminrate $link_id3_2 11,(42 Mbps),,PASS,,chsize=10,
493,1,RDL-3000-361,SC,set ulminrate $link_id3_2 10,(40 Mbps),,PASS,,chsize=10,
494,1,RDL-3000-362,SC,set ulminrate $link_id3_2 9,(36 Mbps),,PASS,,chsize=10,
495,1,RDL-3000-363,SC,set ulminrate $link_id3_2 8,(32 Mbps),,PASS,,chsize=10,
496,1,RDL-3000-364,SC,set ulminrate $link_id3_2 7,(30 Mbps),,PASS,,chsize=10,
497,1,RDL-3000-365,SC,set ulminrate $link_id3_2 6,(27 Mbps),,PASS,,chsize=10,
498,1,RDL-3000-366,SC,set ulminrate $link_id3_2 5,(24 Mbps),,PASS,,chsize=10,
499,1,RDL-3000-367,SC,set ulminrate $link_id3_2 4,(18 Mbps),,PASS,,chsize=10,
500,1,RDL-3000-368,SC,set ulminrate $link_id3_2 3,(12 Mbps),,PASS,,chsize=10,
501,1,RDL-3000-369,SC,set ulminrate $link_id3_2 2,(9 Mbps),,PASS,,chsize=10,
502,1,RDL-3000-370,SC,set ulminrate $link_id3_2 1,(6 Mbps),,PASS,,chsize=10,
503,1,RDL-3000-371,SC,set ulminrate $link_id3_2 0,(3 Mbps),,PASS,,chsize=10,
504,1,RDL-3000-417,SC,set adaptmod $link_id3_2 test,Syntax: adaptmod,,PASS,,,
505,1,RDL-3000-418,SC,set ldlpir $link_id3_2 50,ldlpir       = 50,,PASS,,,
506,1,RDL-3000-419,SC,set ldlpir $link_id3_2 50000,ldlpir       = 50000,,PASS,,,
507,1,RDL-3000-420,SC,set lulpir $link_id3_2 50,lulpir       = 50,,PASS,,,
508,1,RDL-3000-421,SC,set lulpir $link_id3_2 50000,lulpir       = 50000,,PASS,,,
509,1,RDL-3000-422,SC,set ldlpir $link_id3_2 49,Syntax: ldlpir,,PASS,,,
510,1,RDL-3000-423,SC,set lulpir $link_id3_2 49,Syntax: lulpir,,PASS,,,
511,1,RDL-3000-424,SC,set ldlpir $link_id3_2 100001,Syntax: ldlpir,,PASS,,,
512,1,RDL-3000-425,SC,set lulpir $link_id3_2 100001,Syntax: lulpir,,PASS,,,
513,2,RDL-3000-426,SC,set ldlpir $link_id3_2 100000,ldlpir       = 100000,,PASS,,,
514,3,RDL-3000-425,SC,set lulpir $link_id3_2 100000,lulpir       = 100000,,PASS,,,
515,1,RDL-3000-426,SC,set ldlpir $link_id3_2 41307,ldlpir       = 41307,,PASS,,,
516,1,RDL-3000-427,SC,set lulpir $link_id3_2 41307,lulpir       = 41307,,PASS,,,
517,1,RDL-3000-638,SC,set chsize 20,,,PASS,NEXT,,
518,2,RDL-3000-638,SC,set chsize,chsize       = 20 MHz,,PASS,,,
519,3,RDL-3000-638,SC,save config,,,PASS,,,
520,4,RDL-3000-638,SC,new link,link ID: ?,link_id4_2,PASS,NEXT,,
521,5,RDL-3000-638,SC,set idname $link_id4_2 TEST_CS20,idname       = TEST_CS20,,PASS,,,
522,6,RDL-3000-638,SC,set peermac $link_id4_2 00:09:02:02:6F:30,peermac      = 00:09:02:02:6F:30,,PASS,,,
523,7,RDL-3000-638,SC,set adaptmod $link_id4_2 off,adaptmod     = off,,PASS,,,
524,8,RDL-3000-638,SC,set linkmode $link_id4_2 mimoab,linkmode     = mimoab,,PASS,,,
525,9,RDL-3000-638,SC,enable $link_id4_2,ID enabled,,PASS,NEXT,,
528,12,RDL-3000-638,SC,set ldlpir $link_id4_2 53207,ldlpir       = 53207,,PASS,,chsize = 20,
529,13,RDL-3000-638,SC,set lulpir $link_id4_2 51200,lulpir       = 51200,,PASS,,chsize = 20,
530,14,RDL-3000-638,SC,show links $link_id4_2,Down,,PASS,,chsize = 20,
531,1,RDL-3000-639,SC,set idname $link_id4_2 MODIFIED_CS20,idname       = MODIFIED_CS20,,PASS,,chsize = 20,
532,1,RDL-3000-640,SC,show links $link_id4_2,Down,,PASS,,chsize = 20,
533,1,RDL-3000-641,SC,set peermac $link_id4_2 00:09:02:01:02:55,peermac      = 00:09:02:01:02:55,,PASS,,chsize = 20,
534,1,RDL-3000-222,SC,set dlrate $link_id4_2 23,(168 Mbps),,PASS,,chsize = 20,
535,1,RDL-3000-223,SC,set dlrate $link_id4_2 22,(160 Mbps),,PASS,,chsize = 20,
536,1,RDL-3000-224,SC,set dlrate $link_id4_2 21,(144 Mbps),,PASS,,chsize = 20,
537,1,RDL-3000-225,SC,set dlrate $link_id4_2 20,(128 Mbps),,PASS,,chsize = 20,
538,1,RDL-3000-226,SC,set dlrate $link_id4_2 19,(120 Mbps),,PASS,,chsize = 20,
539,1,RDL-3000-227,SC,set dlrate $link_id4_2 18,(108 Mbps),,PASS,,chsize = 20,
540,1,RDL-3000-228,SC,set dlrate $link_id4_2 17,(96 Mbps),,PASS,,chsize = 20,
541,1,RDL-3000-229,SC,set dlrate $link_id4_2 16,(72 Mbps),,PASS,,chsize = 20,
542,1,RDL-3000-230,SC,set dlrate $link_id4_2 15,(48 Mbps),,PASS,,chsize = 20,
543,1,RDL-3000-224,SC,set dlrate $link_id4_2 14,(36 Mbps),,PASS,,chsize = 20,
544,1,RDL-3000-225,SC,set dlrate $link_id4_2 13,(24 Mbps),,PASS,,chsize = 20,
545,1,RDL-3000-226,SC,set dlrate $link_id4_2 12,(12 Mbps),,PASS,,chsize = 20,
546,1,RDL-3000-227,SC,set dlrate $link_id4_2 11,(84 Mbps),,PASS,,chsize = 20,
547,1,RDL-3000-228,SC,set dlrate $link_id4_2 10,(80 Mbps),,PASS,,chsize = 20,
548,1,RDL-3000-229,SC,set dlrate $link_id4_2 9,(72 Mbps),,PASS,,chsize = 20,
549,1,RDL-3000-230,SC,set dlrate $link_id4_2 8,(64 Mbps),,PASS,,chsize = 20,
550,1,RDL-3000-231,SC,set dlrate $link_id4_2 7,(60 Mbps),,PASS,,chsize = 20,
551,1,RDL-3000-232,SC,set dlrate $link_id4_2 6,(54 Mbps),,PASS,,chsize = 20,
552,1,RDL-3000-233,SC,set dlrate $link_id4_2 5,(48 Mbps),,PASS,,chsize = 20,
553,1,RDL-3000-234,SC,set dlrate $link_id4_2 4,(36 Mbps),,PASS,,chsize = 20,
554,1,RDL-3000-235,SC,set dlrate $link_id4_2 3,(24 Mbps),,PASS,,chsize = 20,
555,1,RDL-3000-236,SC,set dlrate $link_id4_2 2,(18 Mbps),,PASS,,chsize = 20,
556,1,RDL-3000-237,SC,set dlrate $link_id4_2 1,(12 Mbps),,PASS,,chsize = 20,
557,1,RDL-3000-238,SC,set dlrate $link_id4_2 0,(6 Mbps),,PASS,,chsize = 20,
558,1,RDL-3000-232,SC,set ulrate $link_id4_2 23,(168 Mbps),,PASS,,chsize = 20,
559,1,RDL-3000-233,SC,set ulrate $link_id4_2 22,(160 Mbps),,PASS,,chsize = 20,
560,1,RDL-3000-234,SC,set ulrate $link_id4_2 21,(144 Mbps),,PASS,,chsize = 20,
561,1,RDL-3000-235,SC,set ulrate $link_id4_2 20,(128 Mbps),,PASS,,chsize = 20,
562,1,RDL-3000-236,SC,set ulrate $link_id4_2 19,(120 Mbps),,PASS,,chsize = 20,
563,1,RDL-3000-237,SC,set ulrate $link_id4_2 18,(108 Mbps),,PASS,,chsize = 20,
564,1,RDL-3000-238,SC,set ulrate $link_id4_2 17,(96 Mbps),,PASS,,chsize = 20,
565,1,RDL-3000-239,SC,set ulrate $link_id4_2 16,(72 Mbps),,PASS,,chsize = 20,
566,1,RDL-3000-240,SC,set ulrate $link_id4_2 15,(48 Mbps),,PASS,,chsize = 20,
567,1,RDL-3000-241,SC,set ulrate $link_id4_2 14,(36 Mbps),,PASS,,chsize = 20,
568,1,RDL-3000-242,SC,set ulrate $link_id4_2 13,(24 Mbps),,PASS,,chsize = 20,
569,1,RDL-3000-243,SC,set ulrate $link_id4_2 12,(12 Mbps),,PASS,,chsize = 20,
570,1,RDL-3000-244,SC,set ulrate $link_id4_2 11,(84 Mbps),,PASS,,chsize = 20,
571,1,RDL-3000-245,SC,set ulrate $link_id4_2 10,(80 Mbps),,PASS,,chsize = 20,
572,1,RDL-3000-246,SC,set ulrate $link_id4_2 9,(72 Mbps),,PASS,,chsize = 20,
573,1,RDL-3000-247,SC,set ulrate $link_id4_2 8,(64 Mbps),,PASS,,chsize = 20,
574,1,RDL-3000-248,SC,set ulrate $link_id4_2 7,(60 Mbps),,PASS,,chsize = 20,
575,1,RDL-3000-249,SC,set ulrate $link_id4_2 6,(54 Mbps),,PASS,,chsize = 20,
576,1,RDL-3000-250,SC,set ulrate $link_id4_2 5,(48 Mbps),,PASS,,chsize = 20,
577,1,RDL-3000-251,SC,set ulrate $link_id4_2 4,(36 Mbps),,PASS,,chsize = 20,
578,1,RDL-3000-252,SC,set ulrate $link_id4_2 3,(24 Mbps),,PASS,,chsize = 20,
579,1,RDL-3000-253,SC,set ulrate $link_id4_2 2,(18 Mbps),,PASS,,chsize = 20,
580,1,RDL-3000-254,SC,set ulrate $link_id4_2 1,(12 Mbps),,PASS,,chsize = 20,
581,1,RDL-3000-255,SC,set ulrate $link_id4_2 0,(6 Mbps),,PASS,,chsize = 20,
582,1,RDL-3000-257,SC,set linkmode $link_id4_2 mimoa,linkmode     = mimoa,,PASS,,chsize = 20,
583,1,RDL-3000-258,SC,set dlrate $link_id4_2 15,Error: Invalid value,,PASS,,chsize = 20,
584,1,RDL-3000-259,SC,set dlrate $link_id4_2 14,Error: Invalid value,,PASS,,chsize = 20,
585,1,RDL-3000-260,SC,set dlrate $link_id4_2 13,Error: Invalid value,,PASS,,chsize = 20,
586,1,RDL-3000-261,SC,set dlrate $link_id4_2 12,Error: Invalid value,,PASS,,chsize = 20,
587,1,RDL-3000-262,SC,set dlrate $link_id4_2 11,(84 Mbps),,PASS,,chsize = 20,
588,1,RDL-3000-263,SC,set dlrate $link_id4_2 10,(80 Mbps),,PASS,,chsize = 20,
589,1,RDL-3000-264,SC,set dlrate $link_id4_2 9,(72 Mbps),,PASS,,chsize = 20,
590,1,RDL-3000-265,SC,set dlrate $link_id4_2 8,(64 Mbps),,PASS,,chsize = 20,
591,1,RDL-3000-266,SC,set dlrate $link_id4_2 7,(60 Mbps),,PASS,,chsize = 20,
592,1,RDL-3000-267,SC,set dlrate $link_id4_2 6,(54 Mbps),,PASS,,chsize = 20,
593,1,RDL-3000-268,SC,set dlrate $link_id4_2 5,(48 Mbps),,PASS,,chsize = 20,
594,1,RDL-3000-269,SC,set dlrate $link_id4_2 4,(36 Mbps),,PASS,,chsize = 20,
595,1,RDL-3000-270,SC,set dlrate $link_id4_2 3,(24 Mbps),,PASS,,chsize = 20,
596,1,RDL-3000-271,SC,set dlrate $link_id4_2 2,(18 Mbps),,PASS,,chsize = 20,
597,1,RDL-3000-272,SC,set dlrate $link_id4_2 1,(12 Mbps),,PASS,,chsize = 20,
598,1,RDL-3000-273,SC,set dlrate $link_id4_2 0,(6 Mbps),,PASS,,chsize = 20,
599,1,RDL-3000-274,SC,set ulrate $link_id4_2 15,Error: Invalid value,,PASS,,chsize = 20,
600,1,RDL-3000-275,SC,set ulrate $link_id4_2 14,Error: Invalid value,,PASS,,chsize = 20,
601,1,RDL-3000-276,SC,set ulrate $link_id4_2 13,Error: Invalid value,,PASS,,chsize = 20,
602,1,RDL-3000-277,SC,set ulrate $link_id4_2 12,Error: Invalid value,,PASS,,chsize = 20,
603,1,RDL-3000-278,SC,set ulrate $link_id4_2 11,(84 Mbps),,PASS,,chsize = 20,
604,1,RDL-3000-279,SC,set ulrate $link_id4_2 10,(80 Mbps),,PASS,,chsize = 20,
605,1,RDL-3000-280,SC,set ulrate $link_id4_2 9,(72 Mbps),,PASS,,chsize = 20,
606,1,RDL-3000-281,SC,set ulrate $link_id4_2 8,(64 Mbps),,PASS,,chsize = 20,
607,1,RDL-3000-282,SC,set ulrate $link_id4_2 7,(60 Mbps),,PASS,,chsize = 20,
608,1,RDL-3000-283,SC,set ulrate $link_id4_2 6,(54 Mbps),,PASS,,chsize = 20,
609,1,RDL-3000-284,SC,set ulrate $link_id4_2 5,(48 Mbps),,PASS,,chsize = 20,
610,1,RDL-3000-285,SC,set ulrate $link_id4_2 4,(36 Mbps),,PASS,,chsize = 20,
611,1,RDL-3000-286,SC,set ulrate $link_id4_2 3,(24 Mbps),,PASS,,chsize = 20,
612,1,RDL-3000-287,SC,set ulrate $link_id4_2 2,(18 Mbps),,PASS,,chsize = 20,
613,1,RDL-3000-288,SC,set ulrate $link_id4_2 1,(12 Mbps),,PASS,,chsize = 20,
614,1,RDL-3000-289,SC,set ulrate $link_id4_2 0,(6 Mbps),,PASS,,chsize = 20,
615,1,RDL-3000-290,SC,set linkmode $link_id4_2 mimoab,linkmode     = mimoab,,PASS,,chsize = 20,
616,1,RDL-3000-291,SC,set adaptmod $link_id4_2 on,adaptmod     = on,,PASS,,chsize = 20,
617,1,RDL-3000-324,SC,set dlrate $link_id4_2 23,(168 Mbps),,PASS,,chsize = 20,
618,1,RDL-3000-294,SC,set dlminrate $link_id4_2 23,(168 Mbps),,PASS,,chsize = 20,
619,1,RDL-3000-295,SC,set dlminrate $link_id4_2 22,(160 Mbps),,PASS,,chsize = 20,
620,1,RDL-3000-296,SC,set dlminrate $link_id4_2 21,(144 Mbps),,PASS,,chsize = 20,
621,1,RDL-3000-297,SC,set dlminrate $link_id4_2 20,(128 Mbps),,PASS,,chsize = 20,
622,1,RDL-3000-298,SC,set dlminrate $link_id4_2 19,(120 Mbps),,PASS,,chsize = 20,
623,1,RDL-3000-299,SC,set dlminrate $link_id4_2 18,(108 Mbps),,PASS,,chsize = 20,
624,1,RDL-3000-300,SC,set dlminrate $link_id4_2 17,(96 Mbps),,PASS,,chsize = 20,
625,1,RDL-3000-301,SC,set dlminrate $link_id4_2 15,(48 Mbps),,PASS,,chsize = 20,
626,1,RDL-3000-302,SC,set dlminrate $link_id4_2 10,Error: Invalid value,,PASS,,chsize = 20,
627,1,RDL-3000-303,SC,set dlminrate $link_id4_2 8,Error: Invalid value,,PASS,,chsize = 20,
628,1,RDL-3000-301,SC,set dlminrate $link_id4_2 7,(60 Mbps),,PASS,,chsize = 20,
629,1,RDL-3000-302,SC,set dlminrate $link_id4_2 6,(54 Mbps),,PASS,,chsize = 20,
630,1,RDL-3000-303,SC,set dlminrate $link_id4_2 5,(48 Mbps),,PASS,,chsize = 20,
631,1,RDL-3000-304,SC,set dlminrate $link_id4_2 4,(36 Mbps),,PASS,,chsize = 20,
632,1,RDL-3000-305,SC,set dlminrate $link_id4_2 3,(24 Mbps),,PASS,,chsize = 20,
633,1,RDL-3000-306,SC,set dlminrate $link_id4_2 2,(18 Mbps),,PASS,,chsize = 20,
634,1,RDL-3000-307,SC,set dlminrate $link_id4_2 1,(12 Mbps),,PASS,,chsize = 20,
635,1,RDL-3000-308,SC,set dlminrate $link_id4_2 0,(6 Mbps),,PASS,,chsize = 20,
636,1,RDL-3000-339,SC,set ulrate $link_id4_2 23,(168 Mbps),,PASS,,chsize = 20,
637,1,RDL-3000-303,SC,set ulminrate $link_id4_2 23,(168 Mbps),,PASS,,chsize = 20,
638,1,RDL-3000-304,SC,set ulminrate $link_id4_2 22,(160 Mbps),,PASS,,chsize = 20,
639,1,RDL-3000-305,SC,set ulminrate $link_id4_2 21,(144 Mbps),,PASS,,chsize = 20,
640,1,RDL-3000-306,SC,set ulminrate $link_id4_2 20,(128 Mbps),,PASS,,chsize = 20,
641,1,RDL-3000-307,SC,set ulminrate $link_id4_2 19,(120 Mbps),,PASS,,chsize = 20,
642,1,RDL-3000-308,SC,set ulminrate $link_id4_2 18,(108 Mbps),,PASS,,chsize = 20,
643,1,RDL-3000-309,SC,set ulminrate $link_id4_2 17,(96 Mbps),,PASS,,chsize = 20,
644,1,RDL-3000-310,SC,set ulminrate $link_id4_2 14,Error: Invalid value,,PASS,,chsize = 20,
645,1,RDL-3000-311,SC,set ulminrate $link_id4_2 10,Error: Invalid value,,PASS,,chsize = 20,
646,1,RDL-3000-312,SC,set ulminrate $link_id4_2 8,Error: Invalid value,,PASS,,chsize = 20,
647,1,RDL-3000-316,SC,set ulminrate $link_id4_2 7,(60 Mbps),,PASS,,chsize = 20,
648,1,RDL-3000-317,SC,set ulminrate $link_id4_2 6,(54 Mbps),,PASS,,chsize = 20,
649,1,RDL-3000-318,SC,set ulminrate $link_id4_2 5,(48 Mbps),,PASS,,chsize = 20,
650,1,RDL-3000-319,SC,set ulminrate $link_id4_2 4,(36 Mbps),,PASS,,chsize = 20,
651,1,RDL-3000-320,SC,set ulminrate $link_id4_2 3,(24 Mbps),,PASS,,chsize = 20,
652,1,RDL-3000-321,SC,set ulminrate $link_id4_2 2,(18 Mbps),,PASS,,chsize = 20,
653,1,RDL-3000-322,SC,set ulminrate $link_id4_2 1,(12 Mbps),,PASS,,chsize = 20,
654,1,RDL-3000-323,SC,set ulminrate $link_id4_2 0,(6 Mbps),,PASS,,chsize = 20,
655,1,RDL-3000-294,SC,set dlrate $link_id4_2 23,(168 Mbps),,PASS,,chsize = 20,
656,1,RDL-3000-295,SC,set dlrate $link_id4_2 22,(160 Mbps),,PASS,,chsize = 20,
657,1,RDL-3000-296,SC,set dlrate $link_id4_2 21,(144 Mbps),,PASS,,chsize = 20,
658,1,RDL-3000-297,SC,set dlrate $link_id4_2 20,(128 Mbps),,PASS,,chsize = 20,
659,1,RDL-3000-298,SC,set dlrate $link_id4_2 19,(120 Mbps),,PASS,,chsize = 20,
660,1,RDL-3000-299,SC,set dlrate $link_id4_2 18,(108 Mbps),,PASS,,chsize = 20,
661,1,RDL-3000-300,SC,set dlrate $link_id4_2 17,(96 Mbps),,PASS,,chsize = 20,
662,1,RDL-3000-301,SC,set dlrate $link_id4_2 14,Error: Invalid value,,PASS,,chsize = 20,
663,1,RDL-3000-302,SC,set dlrate $link_id4_2 10,Error: Invalid value,,PASS,,chsize = 20,
664,1,RDL-3000-303,SC,set dlrate $link_id4_2 8,Error: Invalid value,,PASS,,chsize = 20,
665,1,RDL-3000-301,SC,set dlrate $link_id4_2 7,(60 Mbps),,PASS,,chsize = 20,
666,1,RDL-3000-302,SC,set dlrate $link_id4_2 6,(54 Mbps),,PASS,,chsize = 20,
667,1,RDL-3000-303,SC,set dlrate $link_id4_2 5,(48 Mbps),,PASS,,chsize = 20,
668,1,RDL-3000-304,SC,set dlrate $link_id4_2 4,(36 Mbps),,PASS,,chsize = 20,
669,1,RDL-3000-305,SC,set dlrate $link_id4_2 3,(24 Mbps),,PASS,,chsize = 20,
670,1,RDL-3000-306,SC,set dlrate $link_id4_2 2,(18 Mbps),,PASS,,chsize = 20,
671,1,RDL-3000-307,SC,set dlrate $link_id4_2 1,(12 Mbps),,PASS,,chsize = 20,
672,1,RDL-3000-308,SC,set dlrate $link_id4_2 0,(6 Mbps),,PASS,,chsize = 20,
673,1,RDL-3000-303,SC,set ulrate $link_id4_2 23,(168 Mbps),,PASS,,chsize = 20,
674,1,RDL-3000-304,SC,set ulrate $link_id4_2 22,(160 Mbps),,PASS,,chsize = 20,
675,1,RDL-3000-305,SC,set ulrate $link_id4_2 21,(144 Mbps),,PASS,,chsize = 20,
676,1,RDL-3000-306,SC,set ulrate $link_id4_2 20,(128 Mbps),,PASS,,chsize = 20,
677,1,RDL-3000-307,SC,set ulrate $link_id4_2 19,(120 Mbps),,PASS,,chsize = 20,
678,1,RDL-3000-308,SC,set ulrate $link_id4_2 18,(108 Mbps),,PASS,,chsize = 20,
679,1,RDL-3000-309,SC,set ulrate $link_id4_2 17,(96 Mbps),,PASS,,chsize = 20,
680,1,RDL-3000-310,SC,set ulrate $link_id4_2 14,Error: Invalid value,,PASS,,chsize = 20,
681,1,RDL-3000-311,SC,set ulrate $link_id4_2 10,Error: Invalid value,,PASS,,chsize = 20,
682,1,RDL-3000-312,SC,set ulrate $link_id4_2 8,Error: Invalid value,,PASS,,chsize = 20,
683,1,RDL-3000-316,SC,set ulrate $link_id4_2 7,(60 Mbps),,PASS,,chsize = 20,
684,1,RDL-3000-317,SC,set ulrate $link_id4_2 6,(54 Mbps),,PASS,,chsize = 20,
685,1,RDL-3000-318,SC,set ulrate $link_id4_2 5,(48 Mbps),,PASS,,chsize = 20,
686,1,RDL-3000-319,SC,set ulrate $link_id4_2 4,(36 Mbps),,PASS,,chsize = 20,
687,1,RDL-3000-320,SC,set ulrate $link_id4_2 3,(24 Mbps),,PASS,,chsize = 20,
688,1,RDL-3000-321,SC,set ulrate $link_id4_2 2,(18 Mbps),,PASS,,chsize = 20,
689,1,RDL-3000-322,SC,set ulrate $link_id4_2 1,(12 Mbps),,PASS,,chsize = 20,
690,1,RDL-3000-323,SC,set ulrate $link_id4_2 0,(6 Mbps),,PASS,,chsize = 20,
691,1,RDL-3000-354,SC,set linkmode $link_id4_2 mimoa,linkmode     = mimoa,,PASS,,chsize = 20,
692,1,RDL-3000-356,SC,set dlrate $link_id4_2 11,(84 Mbps),,PASS,,chsize = 20,
693,1,RDL-3000-357,SC,set dlminrate $link_id4_2 14,Error: Invalid value,,PASS,,chsize = 20,
694,1,RDL-3000-358,SC,set dlminrate $link_id4_2 13,Error: Invalid value,,PASS,,chsize = 20,
695,1,RDL-3000-359,SC,set dlminrate $link_id4_2 12,Error: Invalid value,,PASS,,chsize = 20,
696,1,RDL-3000-360,SC,set dlminrate $link_id4_2 11,(84 Mbps),,PASS,,chsize = 20,
697,1,RDL-3000-361,SC,set dlminrate $link_id4_2 10,(80 Mbps),,PASS,,chsize = 20,
698,1,RDL-3000-362,SC,set dlminrate $link_id4_2 9,(72 Mbps),,PASS,,chsize = 20,
699,1,RDL-3000-363,SC,set dlminrate $link_id4_2 8,(64 Mbps),,PASS,,chsize = 20,
700,1,RDL-3000-364,SC,set dlminrate $link_id4_2 7,(60 Mbps),,PASS,,chsize = 20,
701,1,RDL-3000-365,SC,set dlminrate $link_id4_2 6,(54 Mbps),,PASS,,chsize = 20,
702,1,RDL-3000-366,SC,set dlminrate $link_id4_2 5,(48 Mbps),,PASS,,chsize = 20,
703,1,RDL-3000-367,SC,set dlminrate $link_id4_2 4,(36 Mbps),,PASS,,chsize = 20,
704,1,RDL-3000-368,SC,set dlminrate $link_id4_2 3,(24 Mbps),,PASS,,chsize = 20,
705,1,RDL-3000-369,SC,set dlminrate $link_id4_2 2,(18 Mbps),,PASS,,chsize = 20,
706,1,RDL-3000-370,SC,set dlminrate $link_id4_2 1,(12 Mbps),,PASS,,chsize = 20,
707,1,RDL-3000-371,SC,set dlminrate $link_id4_2 0,(6 Mbps),,PASS,,chsize = 20,
708,1,RDL-3000-356,SC,set ulrate $link_id4_2 11,(84 Mbps),,PASS,,chsize = 20,
709,1,RDL-3000-357,SC,set ulminrate $link_id4_2 14,Error: Invalid value,,PASS,,chsize = 20,
710,1,RDL-3000-358,SC,set ulminrate $link_id4_2 13,Error: Invalid value,,PASS,,chsize = 20,
711,1,RDL-3000-359,SC,set ulminrate $link_id4_2 12,Error: Invalid value,,PASS,,chsize = 20,
712,1,RDL-3000-360,SC,set ulminrate $link_id4_2 11,(84 Mbps),,PASS,,chsize = 20,
713,1,RDL-3000-361,SC,set ulminrate $link_id4_2 10,(80 Mbps),,PASS,,chsize = 20,
714,1,RDL-3000-362,SC,set ulminrate $link_id4_2 9,(72 Mbps),,PASS,,chsize = 20,
715,1,RDL-3000-363,SC,set ulminrate $link_id4_2 8,(64 Mbps),,PASS,,chsize = 20,
716,1,RDL-3000-364,SC,set ulminrate $link_id4_2 7,(60 Mbps),,PASS,,chsize = 20,
717,1,RDL-3000-365,SC,set ulminrate $link_id4_2 6,(54 Mbps),,PASS,,chsize = 20,
718,1,RDL-3000-366,SC,set ulminrate $link_id4_2 5,(48 Mbps),,PASS,,chsize = 20,
719,1,RDL-3000-367,SC,set ulminrate $link_id4_2 4,(36 Mbps),,PASS,,chsize = 20,
720,1,RDL-3000-368,SC,set ulminrate $link_id4_2 3,(24 Mbps),,PASS,,chsize = 20,
721,1,RDL-3000-369,SC,set ulminrate $link_id4_2 2,(18 Mbps),,PASS,,chsize = 20,
722,1,RDL-3000-370,SC,set ulminrate $link_id4_2 1,(12 Mbps),,PASS,,chsize = 20,
723,1,RDL-3000-371,SC,set ulminrate $link_id4_2 0,(6 Mbps),,PASS,,chsize = 20,
724,1,RDL-3000-387,SC,set dlrate $link_id4_2 14,Error: Invalid value,,PASS,,chsize = 20,
725,1,RDL-3000-357,SC,set dlrate $link_id4_2 14,Error: Invalid value,,PASS,,chsize = 20,
726,1,RDL-3000-358,SC,set dlrate $link_id4_2 13,Error: Invalid value,,PASS,,chsize = 20,
727,1,RDL-3000-359,SC,set dlrate $link_id4_2 12,Error: Invalid value,,PASS,,chsize = 20,
728,1,RDL-3000-360,SC,set dlrate $link_id4_2 11,(84 Mbps),,PASS,,chsize = 20,
729,1,RDL-3000-361,SC,set dlrate $link_id4_2 10,(80 Mbps),,PASS,,chsize = 20,
730,1,RDL-3000-362,SC,set dlrate $link_id4_2 9,(72 Mbps),,PASS,,chsize = 20,
731,1,RDL-3000-363,SC,set dlrate $link_id4_2 8,(64 Mbps),,PASS,,chsize = 20,
732,1,RDL-3000-364,SC,set dlrate $link_id4_2 7,(60 Mbps),,PASS,,chsize = 20,
733,1,RDL-3000-365,SC,set dlrate $link_id4_2 6,(54 Mbps),,PASS,,chsize = 20,
734,1,RDL-3000-366,SC,set dlrate $link_id4_2 5,(48 Mbps),,PASS,,chsize = 20,
735,1,RDL-3000-367,SC,set dlrate $link_id4_2 4,(36 Mbps),,PASS,,chsize = 20,
736,1,RDL-3000-368,SC,set dlrate $link_id4_2 3,(24 Mbps),,PASS,,chsize = 20,
737,1,RDL-3000-369,SC,set dlrate $link_id4_2 2,(18 Mbps),,PASS,,chsize = 20,
738,1,RDL-3000-370,SC,set dlrate $link_id4_2 1,(12 Mbps),,PASS,,chsize = 20,
739,1,RDL-3000-371,SC,set dlrate $link_id4_2 0,(6 Mbps),,PASS,,chsize = 20,
740,1,RDL-3000-357,SC,set ulminrate $link_id4_2 14,Error: Invalid value,,PASS,,chsize = 20,
741,1,RDL-3000-358,SC,set ulminrate $link_id4_2 13,Error: Invalid value,,PASS,,chsize = 20,
742,1,RDL-3000-359,SC,set ulminrate $link_id4_2 12,Error: Invalid value,,PASS,,chsize = 20,
743,1,RDL-3000-360,SC,set ulminrate $link_id4_2 11,(84 Mbps),,PASS,,chsize = 20,
744,1,RDL-3000-361,SC,set ulminrate $link_id4_2 10,(80 Mbps),,PASS,,chsize = 20,
745,1,RDL-3000-362,SC,set ulminrate $link_id4_2 9,(72 Mbps),,PASS,,chsize = 20,
746,1,RDL-3000-363,SC,set ulminrate $link_id4_2 8,(64 Mbps),,PASS,,chsize = 20,
747,1,RDL-3000-364,SC,set ulminrate $link_id4_2 7,(60 Mbps),,PASS,,chsize = 20,
748,1,RDL-3000-365,SC,set ulminrate $link_id4_2 6,(54 Mbps),,PASS,,chsize = 20,
749,1,RDL-3000-366,SC,set ulminrate $link_id4_2 5,(48 Mbps),,PASS,,chsize = 20,
750,1,RDL-3000-367,SC,set ulminrate $link_id4_2 4,(36 Mbps),,PASS,,chsize = 20,
751,1,RDL-3000-368,SC,set ulminrate $link_id4_2 3,(24 Mbps),,PASS,,chsize = 20,
752,1,RDL-3000-369,SC,set ulminrate $link_id4_2 2,(18 Mbps),,PASS,,chsize = 20,
753,1,RDL-3000-370,SC,set ulminrate $link_id4_2 1,(12 Mbps),,PASS,,chsize = 20,
754,1,RDL-3000-371,SC,set ulminrate $link_id4_2 0,(6 Mbps),,PASS,,chsize = 20,
755,1,RDL-3000-417,SC,set adaptmod $link_id4_2 test,Syntax: adaptmod,,PASS,,,
756,1,RDL-3000-418,SC,set ldlpir $link_id4_2 50,ldlpir       = 50,,PASS,,,
757,1,RDL-3000-419,SC,set ldlpir $link_id4_2 50000,ldlpir       = 50000,,PASS,,,
758,1,RDL-3000-420,SC,set lulpir $link_id4_2 50,lulpir       = 50,,PASS,,,
759,1,RDL-3000-421,SC,set lulpir $link_id4_2 50000,lulpir       = 50000,,PASS,,,
760,1,RDL-3000-422,SC,set ldlpir $link_id4_2 49,Syntax: ldlpir,,PASS,,,
761,1,RDL-3000-423,SC,set lulpir $link_id4_2 49,Syntax: lulpir,,PASS,,,
762,1,RDL-3000-424,SC,set ldlpir $link_id4_2 100001,Syntax: ldlpir,,PASS,,,
763,1,RDL-3000-425,SC,set lulpir $link_id4_2 100001,Syntax: lulpir,,PASS,,,
764,2,RDL-3000-426,SC,set ldlpir $link_id4_2 100000,ldlpir       = 100000,,PASS,,,
765,3,RDL-3000-425,SC,set lulpir $link_id4_2 100000,lulpir       = 100000,,PASS,,,
766,1,RDL-3000-426,SC,set ldlpir $link_id4_2 41307,ldlpir       = 41307,,PASS,,,
767,1,RDL-3000-427,SC,set lulpir $link_id4_2 41307,lulpir       = 41307,,PASS,,,
768,1,RDL-3000-849,SC,new tplink ,link ID: ?,link_id5_2,PASS,NEXT,,
769,1,RDL-3000-850,SC,enable $link_id5_2,ID enabled,,PASS,NEXT,,
770,1,RDL-3000-851,SC,set lstid $link_id5_2 this_string_is_too_long,Error: String too long,,PASS,,,
771,1,RDL-3000-852,SC,set lstid $link_id5_2 redline,lstid        = redline,,PASS,,,
772,1,RDL-3000-853,SC,set lstidpwd $link_id5_2 password_too_long,Error: String too long,,PASS,,,
773,1,RDL-3000-854,SC,set lstidpwd $link_id5_2 123456789012345,lstidpwd     = ,,PASS,,,
774,1,RDL-3000-855,SC,set lstidpwd $link_id5_2 1,lstidpwd     = *,,PASS,,,
775,1,RDL-3000-856,SC,set stickytime,This action is not allowed for SC,,PASS,,,
776,2,RDL-3000-856,SC,set lstickytime $link_id5_2 ,lstickytime  =,,PASS,,,
777,3,RDL-3000-856,SC,set lstickytime $link_id5_2 0,lstickytime  = 0,,PASS,,,
778,4,RDL-3000-856,SC,set lstickytime $link_id5_2 600,lstickytime  = 600,,PASS,,,
779,4,RDL-3000-856,SC,set lstickytime $link_id5_2 60,lstickytime  = 60,,PASS,,,
780,5,RDL-3000-856,SC,set lstickytime $link_id5_2 -1,Valid range is: 0 - 600,,PASS,,,
781,6,RDL-3000-856,SC,set lstickytime $link_id5_2 601,Valid range is: 0 - 600,,PASS,,,
782,7,RDL-3000-856,SC,set lstickytime $link_id5_2 ,lstickytime  = 60,,PASS,,,
783,1,RDL-3000-857,SC,set ltimeautoscan $link_id5_2 ,ltimeautoscan =,,PASS,,,
784,2,RDL-3000-857,SC,set ltimeautoscan $link_id5_2 0,ltimeautoscan = 0,,PASS,,,
785,3,RDL-3000-857,SC,set ltimeautoscan $link_id5_2 600,ltimeautoscan = 600,,PASS,,,
786,4,RDL-3000-857,SC,set ltimeautoscan $link_id5_2 60,ltimeautoscan = 60,,PASS,,,
787,5,RDL-3000-857,SC,set ltimeautoscan $link_id5_2 -1,Valid range is: 0 - 600,,PASS,,,
788,6,RDL-3000-857,SC,set ltimeautoscan $link_id5_2 601,Valid range is: 0 - 600,,PASS,,,
789,7,RDL-3000-857,SC,set ltimeautoscan $link_id5_2 ,ltimeautoscan = 60,,PASS,,,
790,1,RDL-3000-858,SC,del id $link_id2_2,,,PASS,NEXT,,
791,1,RDL-3000-859,SC,del id $link_id3_2,,,PASS,NEXT,,
792,1,RDL-3000-860,SC,del id $link_id4_2,,,PASS,NEXT,,
793,1,RDL-3000-861,SC,del id $link_id5_2,,,PASS,NEXT,,
